Time,temperature
08/03/13 12:00 AM,18.63362217
08/03/13 01:00 AM,16.2969696419
08/03/13 02:00 AM,16.2821976369
08/03/13 03:00 AM,17.1354513893
08/03/13 04:00 AM,17.1824243321
08/03/13 05:00 AM,16.6480791277
08/03/13 06:00 AM,16.9732495034
08/03/13 07:00 AM,18.3915264016
08/03/13 08:00 AM,19.7855393641
08/03/13 09:00 AM,21.1796271721
08/03/13 10:00 AM,22.2854896045
08/03/13 11:00 AM,23.1297875573
08/03/13 12:00 PM,22.9557685653
08/03/13 01:00 PM,22.2282326576
08/03/13 02:00 PM,21.3916533182
